Data,Ticker,Preço_Fechamento,Variação_%,Volume
2024-01-01,PETR3,43.71,4.51,1792743
2024-01-01,VALE3,63.88,-3.44,1670006
2024-01-01,ITUB4,15.23,3.66,1339911
2024-01-01,BBDC4,73.73,-4.79,1866891
2024-01-01,BBAS3,94.47,-4.99,203355
2024-01-01,ABEV3,26.51,-1.96,1407371
2024-01-01,MGLU3,12.08,0.25,3630409
2024-01-01,WEGE3,14.2,4.74,1600942
2024-01-01,B3SA3,51.05,2.85,2054354
2024-01-01,RENT3,44.42,4.83,2528388
2024-01-02,PETR3,64.68,-3.29,2670406
2024-01-02,VALE3,11.19,4.42,3485357
2024-01-02,ITUB4,82.76,-1.95,168148
2024-01-02,BBDC4,30.78,-2.59,4156518
2024-01-02,BBAS3,64.9,3.33,4898669
2024-01-02,ABEV3,45.2,-3.18,2405413
2024-01-02,MGLU3,28.71,0.68,371836
2024-01-02,WEGE3,97.26,2.75,296769
2024-01-02,B3SA3,45.56,4.27,3147262
2024-01-02,RENT3,92.97,-4.12,2979190
2024-01-03,PETR3,56.88,4.61,3466612
2024-01-03,VALE3,44.98,-2.29,2730708
2024-01-03,ITUB4,62.81,4.65,2713740
2024-01-03,BBDC4,22.68,3.02,1525472
2024-01-03,BBAS3,11.41,-0.77,1604384
2024-01-03,ABEV3,27.88,-4.94,4430634
2024-01-03,MGLU3,27.9,2.11,4880450
2024-01-03,WEGE3,79.41,-4.26,4583302
2024-01-03,B3SA3,68.6,4.15,1943400
2024-01-03,RENT3,66.1,-1.69,4645583
2024-01-04,PETR3,43.37,1.69,4783874
2024-01-04,VALE3,63.22,-2.25,3091650
2024-01-04,ITUB4,52.5,-3.8,1621101
2024-01-04,BBDC4,86.4,2.22,997421
2024-01-04,BBAS3,54.44,0.23,222409
2024-01-04,ABEV3,49.54,-2.98,3367824
2024-01-04,MGLU3,38.29,0.09,2932868
2024-01-04,WEGE3,32.44,-0.9,1313475
2024-01-04,B3SA3,94.86,0.99,4674293
2024-01-04,RENT3,89.24,1.24,3157213
2024-01-05,PETR3,67.01,3.71,4127419
2024-01-05,VALE3,29.66,-0.83,2109021
2024-01-05,ITUB4,58.54,3.07,3660920
2024-01-05,BBDC4,38.62,-3.9,2335000
2024-01-05,BBAS3,83.62,3.61,4793350
2024-01-05,ABEV3,24.82,0.34,2054109
2024-01-05,MGLU3,29.99,-3.8,1484250
2024-01-05,WEGE3,39.09,0.19,1596176
2024-01-05,B3SA3,15.84,-2.46,3460011
2024-01-05,RENT3,32.66,-0.03,516880
2024-01-06,PETR3,23.33,4.98,913168
2024-01-06,VALE3,97.9,-0.89,369536
2024-01-06,ITUB4,67.09,1.81,2322809
2024-01-06,BBDC4,98.71,-2.58,1219043
2024-01-06,BBAS3,17.28,-1.3,1841093
2024-01-06,ABEV3,43.1,1.32,3180389
2024-01-06,MGLU3,45.89,3.16,1504104
2024-01-06,WEGE3,38.87,-3.13,4124066
2024-01-06,B3SA3,63.18,1.78,4235314
2024-01-06,RENT3,74.0,3.1,4436787
2024-01-07,PETR3,68.07,-3.26,4771399
2024-01-07,VALE3,44.81,4.37,3545376
2024-01-07,ITUB4,70.81,2.35,474705
2024-01-07,BBDC4,93.22,3.77,654594
2024-01-07,BBAS3,30.57,-3.25,2304664
2024-01-07,ABEV3,56.5,-2.39,786976
2024-01-07,MGLU3,18.38,3.97,217796
2024-01-07,WEGE3,89.44,-3.11,4992306
2024-01-07,B3SA3,75.34,3.97,1679159
2024-01-07,RENT3,46.41,3.88,768234
2024-01-08,PETR3,94.21,2.85,4478727
2024-01-08,VALE3,64.58,-4.91,3021944
2024-01-08,ITUB4,69.72,-4.95,2899487
2024-01-08,BBDC4,37.48,-0.14,1460828
2024-01-08,BBAS3,30.18,2.12,4055488
2024-01-08,ABEV3,54.45,-3.21,228391
2024-01-08,MGLU3,86.43,1.58,4401754
2024-01-08,WEGE3,43.09,-2.35,216381
2024-01-08,B3SA3,97.57,-1.07,1299386
2024-01-08,RENT3,49.1,-1.5,2557184
2024-01-09,PETR3,61.92,-0.07,3872962
2024-01-09,VALE3,79.17,-4.56,1860427
2024-01-09,ITUB4,94.64,4.54,3544084
2024-01-09,BBDC4,89.51,2.48,2609079
2024-01-09,BBAS3,39.77,0.53,215294
2024-01-09,ABEV3,96.73,3.53,4435868
2024-01-09,MGLU3,44.66,3.51,2315167
2024-01-09,WEGE3,53.68,-1.27,788105
2024-01-09,B3SA3,94.25,1.96,545101
2024-01-09,RENT3,18.75,1.15,1205534
2024-01-10,PETR3,56.65,3.77,2394544
2024-01-10,VALE3,86.38,-3.63,598863
2024-01-10,ITUB4,59.75,-2.03,1592785
2024-01-10,BBDC4,88.04,4.13,4142787
2024-01-10,BBAS3,81.85,1.5,3514527
2024-01-10,ABEV3,45.71,-4.49,548982
2024-01-10,MGLU3,12.49,0.79,4283839
2024-01-10,WEGE3,62.05,-4.64,3339576
2024-01-10,B3SA3,23.95,4.82,4579125
2024-01-10,RENT3,63.17,-4.69,1125715
2024-01-11,PETR3,13.5,-1.97,561243
2024-01-11,VALE3,39.4,3.28,351451
2024-01-11,ITUB4,29.42,1.23,1071525
2024-01-11,BBDC4,14.65,0.31,1360386
2024-01-11,BBAS3,67.37,2.26,3479569
2024-01-11,ABEV3,56.47,-1.77,1235248
2024-01-11,MGLU3,45.89,-0.66,1523286
2024-01-11,WEGE3,32.58,-3.16,3513821
2024-01-11,B3SA3,85.24,1.96,3320468
2024-01-11,RENT3,15.24,4.15,4162958
2024-01-12,PETR3,32.52,0.49,276615
2024-01-12,VALE3,94.12,1.38,4701020
2024-01-12,ITUB4,76.41,0.54,1786293
2024-01-12,BBDC4,75.7,-4.52,2264367
2024-01-12,BBAS3,24.28,-3.8,455612
2024-01-12,ABEV3,20.45,-4.54,3821309
2024-01-12,MGLU3,86.99,2.04,864121
2024-01-12,WEGE3,78.7,3.07,2682115
2024-01-12,B3SA3,25.59,-0.66,388790
2024-01-12,RENT3,14.33,4.49,1741249
2024-01-13,PETR3,33.48,-4.85,4566271
2024-01-13,VALE3,87.08,1.59,3643555
2024-01-13,ITUB4,65.43,4.44,3932065
2024-01-13,BBDC4,12.39,0.86,3437690
2024-01-13,BBAS3,82.09,1.77,4830530
2024-01-13,ABEV3,67.9,-0.42,3084626
2024-01-13,MGLU3,83.86,1.26,591072
2024-01-13,WEGE3,96.51,4.05,2155723
2024-01-13,B3SA3,34.66,-2.85,1414093
2024-01-13,RENT3,11.64,-4.06,2748790
2024-01-14,PETR3,16.41,-1.81,4933177
2024-01-14,VALE3,71.35,-1.59,4089618
2024-01-14,ITUB4,35.37,-3.82,3022097
2024-01-14,BBDC4,66.6,3.77,3089475
2024-01-14,BBAS3,47.62,4.68,4811075
2024-01-14,ABEV3,25.97,2.51,933727
2024-01-14,MGLU3,61.83,2.32,3263683
2024-01-14,WEGE3,43.48,2.76,4222263
2024-01-14,B3SA3,88.04,0.62,1455531
2024-01-14,RENT3,48.61,2.51,2834296
2024-01-15,PETR3,31.44,-1.22,4929040
2024-01-15,VALE3,55.47,3.26,3364908
2024-01-15,ITUB4,90.6,-1.11,4704299
2024-01-15,BBDC4,96.27,3.47,4198502
2024-01-15,BBAS3,96.11,1.77,525523
2024-01-15,ABEV3,61.61,1.32,1139458
2024-01-15,MGLU3,64.22,0.54,1909891
2024-01-15,WEGE3,95.16,2.81,887494
2024-01-15,B3SA3,18.21,-0.06,4043334
2024-01-15,RENT3,99.63,-4.44,3138370
2024-01-16,PETR3,89.89,-1.49,1876203
2024-01-16,VALE3,71.92,3.37,2634629
2024-01-16,ITUB4,17.57,2.01,2236233
2024-01-16,BBDC4,45.7,3.92,617313
2024-01-16,BBAS3,17.32,-4.15,1437682
2024-01-16,ABEV3,62.32,3.63,1386643
2024-01-16,MGLU3,31.3,4.08,494540
2024-01-16,WEGE3,77.8,-1.24,4542987
2024-01-16,B3SA3,60.26,-0.76,548345
2024-01-16,RENT3,39.72,-0.66,3987857
2024-01-17,PETR3,52.18,-4.44,1554908
2024-01-17,VALE3,84.05,2.44,2487312
2024-01-17,ITUB4,17.46,0.28,3488532
2024-01-17,BBDC4,96.69,-4.88,4948287
2024-01-17,BBAS3,60.04,-1.77,1955567
2024-01-17,ABEV3,57.49,4.93,4554051
2024-01-17,MGLU3,59.85,4.69,958158
2024-01-17,WEGE3,66.65,1.96,2698260
2024-01-17,B3SA3,72.72,-1.16,3418230
2024-01-17,RENT3,14.09,-2.19,2585195
2024-01-18,PETR3,19.61,-1.64,2767867
2024-01-18,VALE3,68.22,-1.12,3875803
2024-01-18,ITUB4,62.53,-4.22,891267
2024-01-18,BBDC4,98.76,1.98,4137776
2024-01-18,BBAS3,35.18,-0.89,4985211
2024-01-18,ABEV3,34.39,-3.67,222402
2024-01-18,MGLU3,84.03,4.5,4867999
2024-01-18,WEGE3,62.3,4.19,3180201
2024-01-18,B3SA3,93.95,3.66,1374732
2024-01-18,RENT3,24.84,-0.89,1210389
2024-01-19,PETR3,82.95,4.87,212816
2024-01-19,VALE3,43.91,2.5,1866616
2024-01-19,ITUB4,97.29,3.42,1981548
2024-01-19,BBDC4,15.72,-4.63,4565150
2024-01-19,BBAS3,34.61,-4.44,1423483
2024-01-19,ABEV3,83.16,5.0,2432517
2024-01-19,MGLU3,92.18,0.85,263273
2024-01-19,WEGE3,44.01,-2.59,1187341
2024-01-19,B3SA3,32.63,-2.25,943523
2024-01-19,RENT3,30.58,1.72,4140479
2024-01-20,PETR3,14.22,-2.31,3108038
2024-01-20,VALE3,70.44,0.2,3682069
2024-01-20,ITUB4,84.82,-1.92,4934357
2024-01-20,BBDC4,97.12,-4.12,3545498
2024-01-20,BBAS3,46.31,-3.66,2736694
2024-01-20,ABEV3,77.96,1.2,4200673
2024-01-20,MGLU3,82.45,4.03,427359
2024-01-20,WEGE3,11.31,-1.49,417537
2024-01-20,B3SA3,67.3,0.55,2673619
2024-01-20,RENT3,59.27,-0.49,1453038
2024-01-21,PETR3,45.69,1.22,4547794
2024-01-21,VALE3,72.79,2.96,1656617
2024-01-21,ITUB4,93.39,-0.08,1954971
2024-01-21,BBDC4,15.96,-4.54,1949396
2024-01-21,BBAS3,41.27,-2.91,761614
2024-01-21,ABEV3,21.6,-3.72,766997
2024-01-21,MGLU3,72.79,-3.2,1405794
2024-01-21,WEGE3,88.69,0.15,2050367
2024-01-21,B3SA3,25.51,-3.08,4250276
2024-01-21,RENT3,41.06,-1.52,2482357
2024-01-22,PETR3,17.98,-3.79,2345131
2024-01-22,VALE3,28.57,-1.36,191865
2024-01-22,ITUB4,72.14,-4.61,2600856
2024-01-22,BBDC4,53.3,1.88,2383869
2024-01-22,BBAS3,24.13,-1.23,2856944
2024-01-22,ABEV3,34.92,3.06,1014032
2024-01-22,MGLU3,63.76,4.86,1017559
2024-01-22,WEGE3,53.61,1.18,167661
2024-01-22,B3SA3,51.63,2.47,2178007
2024-01-22,RENT3,21.98,1.87,3066422
2024-01-23,PETR3,56.05,0.32,218033
2024-01-23,VALE3,50.27,0.33,1315502
2024-01-23,ITUB4,19.44,2.37,2862779
2024-01-23,BBDC4,11.81,-1.78,2292614
2024-01-23,BBAS3,18.03,0.35,3512504
2024-01-23,ABEV3,90.15,0.94,567010
2024-01-23,MGLU3,68.39,-0.2,1023875
2024-01-23,WEGE3,58.34,0.87,2668103
2024-01-23,B3SA3,48.85,-3.72,2560072
2024-01-23,RENT3,40.37,4.0,672735
2024-01-24,PETR3,61.37,-1.44,903692
2024-01-24,VALE3,39.73,4.34,1044789
2024-01-24,ITUB4,30.28,-1.35,2355363
2024-01-24,BBDC4,86.57,-4.12,4248887
2024-01-24,BBAS3,90.71,-4.2,4712338
2024-01-24,ABEV3,11.64,1.97,3152766
2024-01-24,MGLU3,90.69,0.76,1271459
2024-01-24,WEGE3,10.48,4.75,2309373
2024-01-24,B3SA3,25.38,1.69,625134
2024-01-24,RENT3,58.15,-0.23,3071820
2024-01-25,PETR3,79.25,-3.13,164323
2024-01-25,VALE3,48.29,0.08,1054480
2024-01-25,ITUB4,57.69,2.07,964909
2024-01-25,BBDC4,35.98,0.81,382762
2024-01-25,BBAS3,93.88,-1.79,671650
2024-01-25,ABEV3,14.66,-1.63,3857974
2024-01-25,MGLU3,59.4,-2.98,4299591
2024-01-25,WEGE3,82.89,-2.45,3354600
2024-01-25,B3SA3,78.42,0.96,3849783
2024-01-25,RENT3,64.55,2.94,4902116
2024-01-26,PETR3,84.76,4.65,1812503
2024-01-26,VALE3,99.18,-2.95,1484418
2024-01-26,ITUB4,15.98,2.41,1192501
2024-01-26,BBDC4,14.33,2.82,1583624
2024-01-26,BBAS3,77.55,3.0,4025282
2024-01-26,ABEV3,24.78,3.15,4973594
2024-01-26,MGLU3,67.04,4.08,1162636
2024-01-26,WEGE3,62.95,1.83,3436007
2024-01-26,B3SA3,49.52,-1.23,4629788
2024-01-26,RENT3,37.12,2.48,3395374
2024-01-27,PETR3,61.97,-1.45,3781262
2024-01-27,VALE3,44.55,0.44,1053959
2024-01-27,ITUB4,30.61,0.43,1727781
2024-01-27,BBDC4,39.95,2.31,1638601
2024-01-27,BBAS3,22.53,2.94,4103484
2024-01-27,ABEV3,54.59,2.41,3902010
2024-01-27,MGLU3,80.97,-3.48,1999492
2024-01-27,WEGE3,80.07,-3.57,3277993
2024-01-27,B3SA3,54.46,2.55,4157893
2024-01-27,RENT3,58.28,-1.21,2400119
2024-01-28,PETR3,64.36,0.02,3527975
2024-01-28,VALE3,23.49,-2.71,1807692
2024-01-28,ITUB4,74.8,1.41,2630034
2024-01-28,BBDC4,60.9,2.16,2792755
2024-01-28,BBAS3,26.34,4.08,3486501
2024-01-28,ABEV3,46.08,-0.38,176077
2024-01-28,MGLU3,65.35,4.12,2008327
2024-01-28,WEGE3,55.53,1.11,2385166
2024-01-28,B3SA3,75.35,0.93,2892427
2024-01-28,RENT3,60.86,1.97,2781719
2024-01-29,PETR3,12.07,1.51,600315
2024-01-29,VALE3,43.7,-4.31,598716
2024-01-29,ITUB4,19.38,3.4,2376106
2024-01-29,BBDC4,50.58,-3.87,2102324
2024-01-29,BBAS3,24.9,-3.14,4051416
2024-01-29,ABEV3,39.89,-1.89,3678226
2024-01-29,MGLU3,63.21,-1.01,418408
2024-01-29,WEGE3,76.98,-2.94,3022808
2024-01-29,B3SA3,10.42,-1.67,1998739
2024-01-29,RENT3,58.37,4.2,2861089
2024-01-30,PETR3,51.91,-0.19,2187258
2024-01-30,VALE3,50.7,-2.75,2849178
2024-01-30,ITUB4,22.68,-3.24,1478246
2024-01-30,BBDC4,24.9,-4.66,4078400
2024-01-30,BBAS3,42.62,0.81,1395302
2024-01-30,ABEV3,97.8,-0.41,2955059
2024-01-30,MGLU3,47.32,-4.15,3452252
2024-01-30,WEGE3,26.6,-2.0,2978604
2024-01-30,B3SA3,45.76,-0.73,4196951
2024-01-30,RENT3,90.82,-2.95,3419260
2024-01-31,PETR3,52.49,0.65,4721056
2024-01-31,VALE3,79.8,-0.47,4192097
2024-01-31,ITUB4,58.1,-0.19,4043645
2024-01-31,BBDC4,60.37,-3.45,1334816
2024-01-31,BBAS3,40.09,-4.24,1227199
2024-01-31,ABEV3,34.51,3.97,2380827
2024-01-31,MGLU3,82.07,4.79,4946769
2024-01-31,WEGE3,88.03,-0.92,4143064
2024-01-31,B3SA3,29.98,-2.69,176218
2024-01-31,RENT3,55.5,0.95,4772750
2024-02-01,PETR3,61.25,3.87,447739
2024-02-01,VALE3,31.44,-4.01,4329215
2024-02-01,ITUB4,98.99,1.03,999885
2024-02-01,BBDC4,84.72,-1.03,599876
2024-02-01,BBAS3,22.7,-0.94,4341361
2024-02-01,ABEV3,11.17,-4.14,3772214
2024-02-01,MGLU3,86.33,-3.77,4439235
2024-02-01,WEGE3,67.86,2.04,2108960
2024-02-01,B3SA3,83.57,-1.58,3916446
2024-02-01,RENT3,44.17,0.9,2185259
2024-02-02,PETR3,84.76,-1.55,1805215
2024-02-02,VALE3,59.68,-0.64,3366402
2024-02-02,ITUB4,95.36,2.64,4208880
2024-02-02,BBDC4,88.16,-0.13,190093
2024-02-02,BBAS3,52.4,-3.18,1832465
2024-02-02,ABEV3,12.02,-2.31,2756807
2024-02-02,MGLU3,72.9,-0.97,3038613
2024-02-02,WEGE3,68.05,-0.78,1386585
2024-02-02,B3SA3,91.05,1.91,3589866
2024-02-02,RENT3,84.03,0.3,2682569
2024-02-03,PETR3,61.89,-2.26,4185412
2024-02-03,VALE3,68.63,3.3,4867348
2024-02-03,ITUB4,10.99,-3.63,3851198
2024-02-03,BBDC4,88.65,0.97,3997611
2024-02-03,BBAS3,66.98,-0.06,4518441
2024-02-03,ABEV3,92.3,-0.81,1500283
2024-02-03,MGLU3,79.38,-0.78,1627937
2024-02-03,WEGE3,24.97,2.38,3396050
2024-02-03,B3SA3,18.13,2.71,2778932
2024-02-03,RENT3,85.34,-0.63,1370896
2024-02-04,PETR3,74.94,1.1,478165
2024-02-04,VALE3,52.84,1.64,1112117
2024-02-04,ITUB4,75.93,-2.85,3451278
2024-02-04,BBDC4,33.6,0.95,2868362
2024-02-04,BBAS3,86.18,4.55,1711754
2024-02-04,ABEV3,40.08,2.71,4951188
2024-02-04,MGLU3,40.99,-1.48,3038496
2024-02-04,WEGE3,54.59,1.88,3094200
2024-02-04,B3SA3,32.18,3.19,2624388
2024-02-04,RENT3,10.21,4.68,1761793
2024-02-05,PETR3,19.28,-1.85,3491418
2024-02-05,VALE3,92.56,-3.63,4474857
2024-02-05,ITUB4,72.15,0.21,3397291
2024-02-05,BBDC4,58.77,3.73,1291902
2024-02-05,BBAS3,82.59,1.59,3837973
2024-02-05,ABEV3,67.35,4.81,4481137
2024-02-05,MGLU3,54.05,-2.79,3598472
2024-02-05,WEGE3,94.97,-4.61,2234793
2024-02-05,B3SA3,62.94,4.99,4906425
2024-02-05,RENT3,61.12,4.15,3290541
2024-02-06,PETR3,20.85,2.31,2539855
2024-02-06,VALE3,20.38,-0.78,1903740
2024-02-06,ITUB4,52.68,3.62,3533382
2024-02-06,BBDC4,50.96,0.22,166150
2024-02-06,BBAS3,13.33,0.96,659723
2024-02-06,ABEV3,20.85,-4.23,4293060
2024-02-06,MGLU3,57.72,-0.59,909942
2024-02-06,WEGE3,15.88,-1.85,1941648
2024-02-06,B3SA3,58.46,1.62,3928433
2024-02-06,RENT3,56.82,-0.73,2408989
2024-02-07,PETR3,47.58,-0.38,559297
2024-02-07,VALE3,11.91,3.75,4177151
2024-02-07,ITUB4,81.89,4.98,4834963
2024-02-07,BBDC4,14.74,-4.11,2193373
2024-02-07,BBAS3,53.19,1.28,2806871
2024-02-07,ABEV3,34.45,-1.02,1959582
2024-02-07,MGLU3,47.92,2.38,2229885
2024-02-07,WEGE3,10.3,-0.33,649239
2024-02-07,B3SA3,35.85,-2.04,4728120
2024-02-07,RENT3,34.95,4.1,867950
2024-02-08,PETR3,48.5,-1.16,3288729
2024-02-08,VALE3,81.82,-2.41,2950171
2024-02-08,ITUB4,47.58,3.79,2696874
2024-02-08,BBDC4,91.34,4.89,4112595
2024-02-08,BBAS3,15.85,-0.98,531413
2024-02-08,ABEV3,64.7,0.13,963561
2024-02-08,MGLU3,14.23,-1.16,3928464
2024-02-08,WEGE3,96.15,3.26,3843797
2024-02-08,B3SA3,97.22,3.84,176898
2024-02-08,RENT3,63.75,0.25,2108954
2024-02-09,PETR3,45.66,2.58,3141341
2024-02-09,VALE3,99.67,3.97,2205058
2024-02-09,ITUB4,30.2,-2.76,1775843
2024-02-09,BBDC4,62.21,-4.09,2280712
2024-02-09,BBAS3,45.21,-2.27,591036
2024-02-09,ABEV3,89.99,4.56,3533803
2024-02-09,MGLU3,13.19,-1.71,426916
2024-02-09,WEGE3,76.17,-2.19,3089179
2024-02-09,B3SA3,43.54,-2.4,3380772
2024-02-09,RENT3,14.39,0.33,503119
2024-02-10,PETR3,71.49,-4.24,4266769
2024-02-10,VALE3,54.56,-0.19,2723836
2024-02-10,ITUB4,91.59,0.71,111303
2024-02-10,BBDC4,71.02,0.66,2466610
2024-02-10,BBAS3,88.13,-2.55,4784346
2024-02-10,ABEV3,88.06,2.08,4720650
2024-02-10,MGLU3,31.48,4.3,1669123
2024-02-10,WEGE3,65.68,2.53,1826470
2024-02-10,B3SA3,89.35,4.61,2789784
2024-02-10,RENT3,12.63,3.26,4972554
2024-02-11,PETR3,30.58,4.09,4910833
2024-02-11,VALE3,83.62,3.32,3861675
2024-02-11,ITUB4,10.57,-2.13,1223994
2024-02-11,BBDC4,98.31,1.32,263038
2024-02-11,BBAS3,43.9,-4.91,1474572
2024-02-11,ABEV3,80.19,-3.93,3748966
2024-02-11,MGLU3,58.71,4.63,423390
2024-02-11,WEGE3,45.29,-3.21,4168316
2024-02-11,B3SA3,80.99,-3.26,238563
2024-02-11,RENT3,37.09,2.08,4155957
2024-02-12,PETR3,73.77,-0.26,2142999
2024-02-12,VALE3,14.12,3.72,3676511
2024-02-12,ITUB4,70.84,-0.54,4778394
2024-02-12,BBDC4,21.71,2.58,2845226
2024-02-12,BBAS3,83.94,-1.28,1930815
2024-02-12,ABEV3,79.34,1.83,2634937
2024-02-12,MGLU3,24.3,-0.31,4155555
2024-02-12,WEGE3,48.36,-0.49,1486652
2024-02-12,B3SA3,36.85,3.4,3586669
2024-02-12,RENT3,30.7,-3.69,3822946
2024-02-13,PETR3,95.58,-3.49,3081467
2024-02-13,VALE3,75.81,4.1,4867493
2024-02-13,ITUB4,78.41,-0.58,4957088
2024-02-13,BBDC4,38.87,2.24,1019484
2024-02-13,BBAS3,28.03,3.68,444855
2024-02-13,ABEV3,43.17,3.64,2477935
2024-02-13,MGLU3,58.89,-3.41,2574968
2024-02-13,WEGE3,88.18,2.77,2542266
2024-02-13,B3SA3,86.03,2.61,1755743
2024-02-13,RENT3,36.48,4.12,3168281
2024-02-14,PETR3,65.5,2.97,4625208
2024-02-14,VALE3,10.11,0.98,179083
2024-02-14,ITUB4,32.28,0.58,4097615
2024-02-14,BBDC4,54.24,-4.36,1904673
2024-02-14,BBAS3,81.78,-1.9,709996
2024-02-14,ABEV3,23.46,-0.35,3403389
2024-02-14,MGLU3,45.32,-0.2,1865982
2024-02-14,WEGE3,74.97,1.57,3310016
2024-02-14,B3SA3,95.74,4.08,264053
2024-02-14,RENT3,77.42,-3.54,1536536
2024-02-15,PETR3,61.38,-4.82,4258549
2024-02-15,VALE3,28.93,-1.54,1878599
2024-02-15,ITUB4,10.88,-1.74,673441
2024-02-15,BBDC4,58.08,3.83,2149949
2024-02-15,BBAS3,12.99,-4.21,1985077
2024-02-15,ABEV3,38.99,4.77,150861
2024-02-15,MGLU3,72.39,3.21,821001
2024-02-15,WEGE3,25.07,-3.95,1543717
2024-02-15,B3SA3,63.53,1.17,1305663
2024-02-15,RENT3,36.9,4.35,464359
2024-02-16,PETR3,74.27,3.02,4093710
2024-02-16,VALE3,83.33,-4.2,1325811
2024-02-16,ITUB4,59.77,0.97,2803381
2024-02-16,BBDC4,50.71,1.44,4446664
2024-02-16,BBAS3,24.76,-0.61,1032817
2024-02-16,ABEV3,15.43,-2.53,3378360
2024-02-16,MGLU3,88.46,-2.81,4215811
2024-02-16,WEGE3,76.99,3.72,364500
2024-02-16,B3SA3,69.28,-0.02,3003633
2024-02-16,RENT3,11.88,1.53,1317060
2024-02-17,PETR3,99.67,4.75,1490281
2024-02-17,VALE3,46.29,-2.79,1951317
2024-02-17,ITUB4,12.76,-2.42,1668560
2024-02-17,BBDC4,88.14,2.27,2329180
2024-02-17,BBAS3,86.16,1.29,4288891
2024-02-17,ABEV3,43.39,4.88,4595511
2024-02-17,MGLU3,58.9,0.14,820488
2024-02-17,WEGE3,49.48,2.25,1563807
2024-02-17,B3SA3,64.56,0.98,3160006
2024-02-17,RENT3,34.91,0.92,1190805
2024-02-18,PETR3,42.32,-1.16,4262065
2024-02-18,VALE3,66.84,2.33,3142146
2024-02-18,ITUB4,79.84,-0.95,1357949
2024-02-18,BBDC4,26.17,-2.62,3071981
2024-02-18,BBAS3,56.14,-0.87,3421765
2024-02-18,ABEV3,54.31,-2.53,3209244
2024-02-18,MGLU3,50.08,0.15,2298611
2024-02-18,WEGE3,63.37,-3.36,2060826
2024-02-18,B3SA3,38.09,-1.01,2523970
2024-02-18,RENT3,69.11,-1.75,252999
2024-02-19,PETR3,63.88,-1.03,3105334
2024-02-19,VALE3,50.84,-2.64,2754837
2024-02-19,ITUB4,25.28,0.2,4677033
2024-02-19,BBDC4,70.25,-3.54,1023780
2024-02-19,BBAS3,32.38,1.17,2568152
2024-02-19,ABEV3,25.03,-3.32,398090
2024-02-19,MGLU3,76.28,1.64,192324
2024-02-19,WEGE3,80.36,2.05,4636119
2024-02-19,B3SA3,62.68,3.68,3377419
2024-02-19,RENT3,58.59,-4.66,1667053
2024-02-20,PETR3,15.14,0.31,4647603
2024-02-20,VALE3,14.65,1.4,494274
2024-02-20,ITUB4,50.7,4.34,3047762
2024-02-20,BBDC4,13.74,-3.52,1397076
2024-02-20,BBAS3,53.19,1.86,2848385
2024-02-20,ABEV3,39.08,4.73,246470
2024-02-20,MGLU3,50.93,0.16,2528081
2024-02-20,WEGE3,40.84,0.32,3284790
2024-02-20,B3SA3,12.7,-1.92,1674833
2024-02-20,RENT3,28.17,1.73,3746804
2024-02-21,PETR3,18.45,1.73,1778687
2024-02-21,VALE3,31.11,4.63,1064918
2024-02-21,ITUB4,98.08,-1.26,4742929
2024-02-21,BBDC4,31.97,3.31,1376647
2024-02-21,BBAS3,79.17,-3.87,2627576
2024-02-21,ABEV3,72.06,1.77,3670834
2024-02-21,MGLU3,94.68,3.27,4205519
2024-02-21,WEGE3,68.61,-3.93,4757089
2024-02-21,B3SA3,99.95,-4.52,2727144
2024-02-21,RENT3,87.98,4.93,2138540
2024-02-22,PETR3,80.41,0.67,821384
2024-02-22,VALE3,19.82,1.51,3799181
2024-02-22,ITUB4,93.31,-0.62,4330625
2024-02-22,BBDC4,78.61,2.98,256498
2024-02-22,BBAS3,88.2,-1.24,2836582
2024-02-22,ABEV3,10.52,-1.75,2061977
2024-02-22,MGLU3,45.66,1.95,3460160
2024-02-22,WEGE3,31.38,-1.27,3137099
2024-02-22,B3SA3,11.32,0.87,2142823
2024-02-22,RENT3,70.14,1.19,2691661
2024-02-23,PETR3,55.04,0.42,1417191
2024-02-23,VALE3,56.72,-0.21,1179924
2024-02-23,ITUB4,83.24,-3.91,2480932
2024-02-23,BBDC4,45.89,0.8,1815499
2024-02-23,BBAS3,52.9,-1.06,2617334
2024-02-23,ABEV3,83.17,2.18,2013722
2024-02-23,MGLU3,56.91,3.22,1087471
2024-02-23,WEGE3,68.27,3.98,1801667
2024-02-23,B3SA3,93.43,-4.4,3717556
2024-02-23,RENT3,53.13,-3.05,1457133
2024-02-24,PETR3,53.73,-2.43,848013
2024-02-24,VALE3,37.66,3.03,524226
2024-02-24,ITUB4,62.28,-4.1,3703101
2024-02-24,BBDC4,74.45,-2.27,4001529
2024-02-24,BBAS3,20.97,-3.19,275211
2024-02-24,ABEV3,26.33,0.25,365798
2024-02-24,MGLU3,36.58,2.93,3121097
2024-02-24,WEGE3,92.6,-0.75,4830741
2024-02-24,B3SA3,82.54,0.5,2006039
2024-02-24,RENT3,57.38,-3.88,2809644
2024-02-25,PETR3,64.15,3.19,3429049
2024-02-25,VALE3,29.08,1.11,3846169
2024-02-25,ITUB4,42.47,4.06,1875767
2024-02-25,BBDC4,41.81,-2.63,1597618
2024-02-25,BBAS3,86.61,1.71,4121080
2024-02-25,ABEV3,18.6,1.24,2658944
2024-02-25,MGLU3,48.16,-3.47,3796176
2024-02-25,WEGE3,76.32,3.63,966964
2024-02-25,B3SA3,18.61,-4.76,4858982
2024-02-25,RENT3,59.2,-2.68,1306861
2024-02-26,PETR3,66.88,-4.42,4836319
2024-02-26,VALE3,22.28,1.95,194018
2024-02-26,ITUB4,49.84,-0.54,4523408
2024-02-26,BBDC4,11.42,-1.59,1593293
2024-02-26,BBAS3,19.37,2.24,1224905
2024-02-26,ABEV3,91.5,2.73,3358084
2024-02-26,MGLU3,90.48,-3.08,4849959
2024-02-26,WEGE3,43.03,-1.56,4671843
2024-02-26,B3SA3,49.82,3.32,4177716
2024-02-26,RENT3,34.4,0.93,2008802
2024-02-27,PETR3,57.97,-1.76,4268962
2024-02-27,VALE3,27.13,-4.48,880641
2024-02-27,ITUB4,50.17,-1.66,1804597
2024-02-27,BBDC4,60.61,4.58,935036
2024-02-27,BBAS3,72.1,-2.99,2983791
2024-02-27,ABEV3,46.85,-0.77,1405487
2024-02-27,MGLU3,10.11,-1.99,3396903
2024-02-27,WEGE3,81.59,4.27,1247116
2024-02-27,B3SA3,20.78,4.74,2226453
2024-02-27,RENT3,99.32,4.27,3942411
2024-02-28,PETR3,31.93,1.72,4963059
2024-02-28,VALE3,66.12,-4.11,3365696
2024-02-28,ITUB4,64.76,0.07,4828307
2024-02-28,BBDC4,73.79,-4.64,1792128
2024-02-28,BBAS3,30.46,-1.58,315400
2024-02-28,ABEV3,17.89,4.37,4686440
2024-02-28,MGLU3,55.88,3.25,1846621
2024-02-28,WEGE3,50.25,1.01,333782
2024-02-28,B3SA3,24.56,2.86,1683246
2024-02-28,RENT3,99.29,3.51,3998606
2024-02-29,PETR3,45.75,0.4,4381772
2024-02-29,VALE3,44.26,3.78,3833149
2024-02-29,ITUB4,74.93,-3.59,4588198
2024-02-29,BBDC4,37.42,-4.19,2833460
2024-02-29,BBAS3,12.06,-3.46,4215362
2024-02-29,ABEV3,41.15,4.76,1590687
2024-02-29,MGLU3,93.95,0.75,3702684
2024-02-29,WEGE3,87.58,4.23,3251629
2024-02-29,B3SA3,22.53,3.98,4440092
2024-02-29,RENT3,38.58,4.53,4317733
2024-03-01,PETR3,23.17,-1.32,1909377
2024-03-01,VALE3,55.55,-2.67,3112539
2024-03-01,ITUB4,79.91,-3.78,2422523
2024-03-01,BBDC4,38.06,0.06,351537
2024-03-01,BBAS3,35.0,3.51,1528127
2024-03-01,ABEV3,29.44,1.2,3547794
2024-03-01,MGLU3,60.8,-3.08,3612664
2024-03-01,WEGE3,15.23,4.95,4995996
2024-03-01,B3SA3,65.75,-2.03,2890358
2024-03-01,RENT3,31.53,-3.58,1350632
2024-03-02,PETR3,80.44,-2.35,237478
2024-03-02,VALE3,72.29,-4.38,1719715
2024-03-02,ITUB4,99.7,3.14,527387
2024-03-02,BBDC4,37.56,1.24,1644613
2024-03-02,BBAS3,48.35,-3.69,2254174
2024-03-02,ABEV3,50.48,-3.05,2556070
2024-03-02,MGLU3,57.3,-0.18,4849766
2024-03-02,WEGE3,76.03,2.69,2390870
2024-03-02,B3SA3,47.45,-0.19,304366
2024-03-02,RENT3,62.39,1.81,1138199
2024-03-03,PETR3,58.18,-2.85,1826676
2024-03-03,VALE3,85.09,1.29,3346417
2024-03-03,ITUB4,15.82,-4.57,1452144
2024-03-03,BBDC4,19.88,0.48,2707411
2024-03-03,BBAS3,33.94,-3.51,1159325
2024-03-03,ABEV3,23.5,-1.75,4519323
2024-03-03,MGLU3,68.65,3.11,3536252
2024-03-03,WEGE3,45.5,-0.41,1528080
2024-03-03,B3SA3,95.98,2.87,4196392
2024-03-03,RENT3,94.85,3.09,1152207
2024-03-04,PETR3,32.92,3.41,4847263
2024-03-04,VALE3,91.16,-0.39,2173290
2024-03-04,ITUB4,54.59,-1.14,3989877
2024-03-04,BBDC4,67.3,1.14,1155675
2024-03-04,BBAS3,50.56,3.82,1065188
2024-03-04,ABEV3,76.37,0.12,2420484
2024-03-04,MGLU3,14.3,-4.62,587510
2024-03-04,WEGE3,74.47,-4.28,4155447
2024-03-04,B3SA3,19.48,-4.64,3393331
2024-03-04,RENT3,76.38,-1.47,503082
2024-03-05,PETR3,97.37,4.42,2846866
2024-03-05,VALE3,26.67,-3.26,3275684
2024-03-05,ITUB4,59.47,3.31,1618087
2024-03-05,BBDC4,33.85,-4.79,703103
2024-03-05,BBAS3,56.32,3.99,4739681
2024-03-05,ABEV3,70.06,-4.9,4170211
2024-03-05,MGLU3,79.72,1.44,4417561
2024-03-05,WEGE3,53.04,3.96,1103171
2024-03-05,B3SA3,36.35,4.8,1470485
2024-03-05,RENT3,53.74,4.2,1081883
2024-03-06,PETR3,24.1,-4.56,1600071
2024-03-06,VALE3,63.87,-4.05,4364423
2024-03-06,ITUB4,48.89,-0.61,1619603
2024-03-06,BBDC4,31.66,-3.78,979903
2024-03-06,BBAS3,54.64,-4.87,1078836
2024-03-06,ABEV3,35.73,3.16,279830
2024-03-06,MGLU3,89.13,-2.42,4600398
2024-03-06,WEGE3,32.7,2.55,966183
2024-03-06,B3SA3,77.34,0.58,3995958
2024-03-06,RENT3,69.05,-3.23,551157
2024-03-07,PETR3,77.79,-2.31,2220539
2024-03-07,VALE3,13.89,-3.35,3834044
2024-03-07,ITUB4,71.68,-4.08,1328337
2024-03-07,BBDC4,29.22,0.06,3790583
2024-03-07,BBAS3,40.81,-0.87,1699908
2024-03-07,ABEV3,63.13,0.08,2992478
2024-03-07,MGLU3,19.53,-3.48,129725
2024-03-07,WEGE3,88.6,1.36,988036
2024-03-07,B3SA3,24.41,-0.38,2613024
2024-03-07,RENT3,76.75,3.81,2498083
2024-03-08,PETR3,18.93,-0.99,4011146
2024-03-08,VALE3,37.98,2.42,2957261
2024-03-08,ITUB4,65.44,-3.12,1216271
2024-03-08,BBDC4,80.54,0.54,1781641
2024-03-08,BBAS3,78.49,-4.65,4576321
2024-03-08,ABEV3,78.28,1.78,1840687
2024-03-08,MGLU3,23.4,-1.94,516978
2024-03-08,WEGE3,99.67,-1.32,3480355
2024-03-08,B3SA3,74.99,3.86,4842297
2024-03-08,RENT3,45.24,-0.87,1412743
2024-03-09,PETR3,26.05,-4.71,3834445
2024-03-09,VALE3,41.99,2.94,1438486
2024-03-09,ITUB4,88.68,0.1,3314850
2024-03-09,BBDC4,15.84,0.8,4127446
2024-03-09,BBAS3,73.26,-4.47,1257655
2024-03-09,ABEV3,70.88,3.05,1343294
2024-03-09,MGLU3,12.06,-1.78,3907085
2024-03-09,WEGE3,23.41,1.95,2890373
2024-03-09,B3SA3,28.89,3.25,3387058
2024-03-09,RENT3,49.62,-3.53,390998
2024-03-10,PETR3,76.2,-2.64,1509854
2024-03-10,VALE3,29.86,0.98,4238286
2024-03-10,ITUB4,99.85,4.33,3684197
2024-03-10,BBDC4,67.26,2.86,1665070
2024-03-10,BBAS3,46.89,3.4,4482794
2024-03-10,ABEV3,76.6,4.5,3890328
2024-03-10,MGLU3,60.9,4.8,3562092
2024-03-10,WEGE3,73.02,0.86,2426133
2024-03-10,B3SA3,34.58,0.18,4102713
2024-03-10,RENT3,88.55,3.42,2481732
2024-03-11,PETR3,53.28,-0.65,2449316
2024-03-11,VALE3,73.54,1.31,4454685
2024-03-11,ITUB4,75.51,-0.04,4034999
2024-03-11,BBDC4,75.66,2.66,3128149
2024-03-11,BBAS3,30.27,-3.69,1811672
2024-03-11,ABEV3,77.62,1.57,2671165
2024-03-11,MGLU3,35.45,-4.55,4959221
2024-03-11,WEGE3,33.55,-2.53,119675
2024-03-11,B3SA3,80.84,4.75,586799
2024-03-11,RENT3,78.35,-0.5,2509029
2024-03-12,PETR3,15.88,-0.12,1862999
2024-03-12,VALE3,14.19,1.2,2563160
2024-03-12,ITUB4,41.13,-1.85,1703546
2024-03-12,BBDC4,41.26,4.0,1556081
2024-03-12,BBAS3,75.92,0.48,4545655
2024-03-12,ABEV3,60.42,4.37,3641483
2024-03-12,MGLU3,80.89,1.24,1562436
2024-03-12,WEGE3,98.32,-2.43,2446582
2024-03-12,B3SA3,27.83,0.65,4574770
2024-03-12,RENT3,37.78,4.47,2502187
2024-03-13,PETR3,41.46,-3.86,3777361
2024-03-13,VALE3,74.8,-0.82,4178584
2024-03-13,ITUB4,86.56,0.61,306487
2024-03-13,BBDC4,20.33,3.6,778841
2024-03-13,BBAS3,58.83,2.92,145232
2024-03-13,ABEV3,58.92,-4.18,1479904
2024-03-13,MGLU3,48.58,-3.59,638645
2024-03-13,WEGE3,86.5,1.69,2929455
2024-03-13,B3SA3,47.06,1.51,2290421
2024-03-13,RENT3,36.15,2.87,2710469
2024-03-14,PETR3,82.58,-0.41,4485010
2024-03-14,VALE3,80.77,-2.99,3571750
2024-03-14,ITUB4,88.49,0.45,2730723
2024-03-14,BBDC4,78.11,0.19,3866484
2024-03-14,BBAS3,69.37,-3.38,2311738
2024-03-14,ABEV3,95.2,0.6,3233211
2024-03-14,MGLU3,79.48,-4.73,3327544
2024-03-14,WEGE3,18.47,-1.56,543945
2024-03-14,B3SA3,54.8,-3.95,2376787
2024-03-14,RENT3,50.65,-1.03,1050162
2024-03-15,PETR3,49.7,-3.04,1328807
2024-03-15,VALE3,35.84,2.93,4614276
2024-03-15,ITUB4,67.11,2.98,2369070
2024-03-15,BBDC4,92.36,0.33,1548763
2024-03-15,BBAS3,72.63,2.93,1626534
2024-03-15,ABEV3,65.21,-1.37,3114938
2024-03-15,MGLU3,34.92,4.84,471616
2024-03-15,WEGE3,63.83,-4.67,1868967
2024-03-15,B3SA3,90.46,1.54,2943236
2024-03-15,RENT3,49.63,1.15,2060584
2024-03-16,PETR3,82.32,0.05,1516207
2024-03-16,VALE3,98.96,-0.15,2574653
2024-03-16,ITUB4,67.12,-3.34,4688645
2024-03-16,BBDC4,98.18,1.56,4052255
2024-03-16,BBAS3,11.13,0.6,339968
2024-03-16,ABEV3,12.64,3.23,3401017
2024-03-16,MGLU3,17.15,2.31,3978363
2024-03-16,WEGE3,87.24,3.19,2096170
2024-03-16,B3SA3,91.12,1.52,1716596
2024-03-16,RENT3,32.89,3.19,4032747
2024-03-17,PETR3,40.17,-3.26,4723636
2024-03-17,VALE3,20.16,-4.13,1506368
2024-03-17,ITUB4,31.59,-3.58,1324744
2024-03-17,BBDC4,76.57,-3.09,2231018
2024-03-17,BBAS3,68.6,1.21,3589429
2024-03-17,ABEV3,76.43,3.06,2631086
2024-03-17,MGLU3,32.86,-4.69,4452892
2024-03-17,WEGE3,70.86,-1.75,3451463
2024-03-17,B3SA3,10.34,1.82,4894821
2024-03-17,RENT3,87.02,-2.73,4840039
2024-03-18,PETR3,16.54,-4.23,2403554
2024-03-18,VALE3,72.47,0.13,2776517
2024-03-18,ITUB4,42.43,-4.31,543316
2024-03-18,BBDC4,68.78,4.38,575595
2024-03-18,BBAS3,30.95,3.07,2248091
2024-03-18,ABEV3,69.85,-2.4,4158848
2024-03-18,MGLU3,88.68,-5.0,4877402
2024-03-18,WEGE3,19.99,-0.53,821037
2024-03-18,B3SA3,87.81,0.47,2899250
2024-03-18,RENT3,97.91,-3.89,2992371
2024-03-19,PETR3,11.62,-0.79,563001
2024-03-19,VALE3,96.96,-3.73,2922136
2024-03-19,ITUB4,36.3,4.11,339017
2024-03-19,BBDC4,72.94,3.39,1176941
2024-03-19,BBAS3,75.4,-1.95,1264795
2024-03-19,ABEV3,67.16,-0.5,2509381
2024-03-19,MGLU3,20.82,-4.32,3043295
2024-03-19,WEGE3,61.05,-2.16,1457453
2024-03-19,B3SA3,63.85,-2.03,4785754
2024-03-19,RENT3,75.72,0.99,263834
2024-03-20,PETR3,91.26,3.52,1516828
2024-03-20,VALE3,63.39,3.92,3725654
2024-03-20,ITUB4,57.82,3.38,675919
2024-03-20,BBDC4,13.12,0.83,522381
2024-03-20,BBAS3,87.01,0.21,1620943
2024-03-20,ABEV3,84.82,0.99,560796
2024-03-20,MGLU3,57.27,-4.67,1104001
2024-03-20,WEGE3,89.11,0.72,4786166
2024-03-20,B3SA3,48.74,-1.83,4404459
2024-03-20,RENT3,51.8,-3.62,4274482
2024-03-21,PETR3,90.33,-0.57,3719348
2024-03-21,VALE3,66.82,0.92,4110162
2024-03-21,ITUB4,31.37,0.12,3145915
2024-03-21,BBDC4,31.08,2.87,370914
2024-03-21,BBAS3,68.7,4.51,4574017
2024-03-21,ABEV3,52.56,4.84,3200581
2024-03-21,MGLU3,16.38,-2.46,2354736
2024-03-21,WEGE3,13.58,1.04,4954042
2024-03-21,B3SA3,22.6,-2.23,3662944
2024-03-21,RENT3,50.54,-0.27,3472455
2024-03-22,PETR3,52.28,-0.53,4496720
2024-03-22,VALE3,56.49,-4.94,2972176
2024-03-22,ITUB4,29.72,-4.63,2693659
2024-03-22,BBDC4,35.64,-0.37,4560276
2024-03-22,BBAS3,61.48,0.13,2333706
2024-03-22,ABEV3,13.99,-2.22,1285111
2024-03-22,MGLU3,17.84,1.17,2492919
2024-03-22,WEGE3,57.84,3.8,2508630
2024-03-22,B3SA3,88.68,-0.06,4768170
2024-03-22,RENT3,14.04,-0.49,292512
2024-03-23,PETR3,45.09,2.3,4485724
2024-03-23,VALE3,74.26,1.08,3445647
2024-03-23,ITUB4,36.71,2.18,4000379
2024-03-23,BBDC4,83.91,-4.98,747341
2024-03-23,BBAS3,14.6,-2.42,4098422
2024-03-23,ABEV3,13.65,3.72,3685681
2024-03-23,MGLU3,20.3,-1.16,2484291
2024-03-23,WEGE3,43.21,-3.79,4304955
2024-03-23,B3SA3,59.46,4.0,537625
2024-03-23,RENT3,38.9,2.5,2530721
2024-03-24,PETR3,70.17,1.79,2642017
2024-03-24,VALE3,89.92,0.99,961069
2024-03-24,ITUB4,67.25,4.13,206022
2024-03-24,BBDC4,88.63,2.24,3307796
2024-03-24,BBAS3,91.22,-4.34,3382831
2024-03-24,ABEV3,99.21,3.2,784029
2024-03-24,MGLU3,57.92,-0.51,1852374
2024-03-24,WEGE3,61.95,-4.56,308944
2024-03-24,B3SA3,29.44,-0.33,1461303
2024-03-24,RENT3,68.71,3.46,4766805
2024-03-25,PETR3,86.67,-0.96,1879685
2024-03-25,VALE3,81.01,-0.54,773218
2024-03-25,ITUB4,50.51,0.79,2279431
2024-03-25,BBDC4,90.07,-4.88,4015770
2024-03-25,BBAS3,64.1,2.06,3987008
2024-03-25,ABEV3,57.32,0.12,3715652
2024-03-25,MGLU3,68.12,-4.55,907744
2024-03-25,WEGE3,41.13,-3.46,345404
2024-03-25,B3SA3,56.55,-1.21,3755074
2024-03-25,RENT3,40.65,-4.28,1327146
2024-03-26,PETR3,38.01,1.77,1433572
2024-03-26,VALE3,57.8,3.42,715863
2024-03-26,ITUB4,98.92,-0.46,3425315
2024-03-26,BBDC4,25.06,4.72,928791
2024-03-26,BBAS3,97.97,0.32,4495564
2024-03-26,ABEV3,44.58,-4.61,476794
2024-03-26,MGLU3,24.4,-4.77,1621466
2024-03-26,WEGE3,23.24,-0.12,3985180
2024-03-26,B3SA3,43.34,-1.25,3399973
2024-03-26,RENT3,64.26,3.27,1436092
2024-03-27,PETR3,35.96,4.61,3579027
2024-03-27,VALE3,12.78,4.71,535477
2024-03-27,ITUB4,58.73,-3.46,4296656
2024-03-27,BBDC4,57.9,-3.32,3594708
2024-03-27,BBAS3,85.03,-0.6,2862081
2024-03-27,ABEV3,33.34,-3.05,4424848
2024-03-27,MGLU3,55.67,1.77,2944180
2024-03-27,WEGE3,96.98,0.58,1772795
2024-03-27,B3SA3,62.47,5.0,662060
2024-03-27,RENT3,66.36,-0.11,4989084
2024-03-28,PETR3,99.45,3.8,1642247
2024-03-28,VALE3,39.32,2.93,2281906
2024-03-28,ITUB4,28.12,-1.05,1805243
2024-03-28,BBDC4,86.73,2.11,3075605
2024-03-28,BBAS3,30.5,4.64,888140
2024-03-28,ABEV3,51.26,-4.62,2223238
2024-03-28,MGLU3,21.23,2.94,1718963
2024-03-28,WEGE3,52.01,-4.66,3783909
2024-03-28,B3SA3,23.39,-0.37,2327503
2024-03-28,RENT3,18.43,2.55,3711646
2024-03-29,PETR3,37.22,-0.09,4222186
2024-03-29,VALE3,28.29,2.62,1330746
2024-03-29,ITUB4,56.01,-0.08,4855185
2024-03-29,BBDC4,75.31,3.94,3970426
2024-03-29,BBAS3,46.68,3.28,3776158
2024-03-29,ABEV3,63.23,3.07,225438
2024-03-29,MGLU3,19.83,3.54,2299391
2024-03-29,WEGE3,31.63,-1.88,908258
2024-03-29,B3SA3,50.35,0.1,281948
2024-03-29,RENT3,93.37,-4.81,1306751
2024-03-30,PETR3,93.63,-4.69,4199906
2024-03-30,VALE3,72.33,-3.66,2537245
2024-03-30,ITUB4,68.0,3.2,2802882
2024-03-30,BBDC4,28.96,4.57,4613070
2024-03-30,BBAS3,99.15,-2.99,2281913
2024-03-30,ABEV3,84.56,-2.05,2863398
2024-03-30,MGLU3,13.97,-1.58,502980
2024-03-30,WEGE3,76.64,-3.57,1549087
2024-03-30,B3SA3,82.83,3.84,3602626
2024-03-30,RENT3,65.22,-4.11,2218433
2024-03-31,PETR3,16.99,-0.92,3778621
2024-03-31,VALE3,12.2,-1.94,1397991
2024-03-31,ITUB4,19.99,3.08,1914188
2024-03-31,BBDC4,72.8,-4.94,4791066
2024-03-31,BBAS3,88.2,1.82,2781206
2024-03-31,ABEV3,85.79,-2.58,2957281
2024-03-31,MGLU3,16.56,-0.97,1683214
2024-03-31,WEGE3,29.0,3.63,4031586
2024-03-31,B3SA3,82.31,4.29,3560989
2024-03-31,RENT3,33.96,-4.78,1963462
2024-04-01,PETR3,30.34,1.4,2099284
2024-04-01,VALE3,13.03,-2.85,554418
2024-04-01,ITUB4,68.3,-3.77,4573014
2024-04-01,BBDC4,55.28,-0.51,4908163
2024-04-01,BBAS3,66.23,-4.28,4294463
2024-04-01,ABEV3,57.37,-0.37,1295885
2024-04-01,MGLU3,84.03,3.04,3488445
2024-04-01,WEGE3,56.82,-3.57,4631211
2024-04-01,B3SA3,54.7,-2.16,4463089
2024-04-01,RENT3,84.14,2.22,369160
2024-04-02,PETR3,77.38,-1.82,678526
2024-04-02,VALE3,27.01,2.83,937393
2024-04-02,ITUB4,34.86,2.07,914422
2024-04-02,BBDC4,62.49,-0.33,2363429
2024-04-02,BBAS3,32.21,2.41,1516842
2024-04-02,ABEV3,84.4,-3.7,2381608
2024-04-02,MGLU3,85.84,-1.87,4179441
2024-04-02,WEGE3,90.27,-0.66,1648485
2024-04-02,B3SA3,43.96,4.64,3485744
2024-04-02,RENT3,71.83,-0.06,4094528
2024-04-03,PETR3,93.72,3.44,385622
2024-04-03,VALE3,10.39,-3.33,767540
2024-04-03,ITUB4,88.8,-3.17,4805815
2024-04-03,BBDC4,78.49,4.51,2775480
2024-04-03,BBAS3,36.82,-3.95,2564722
2024-04-03,ABEV3,67.09,4.99,3001092
2024-04-03,MGLU3,54.87,-1.15,2615967
2024-04-03,WEGE3,48.95,-0.42,2988939
2024-04-03,B3SA3,10.26,3.59,2144940
2024-04-03,RENT3,47.49,3.22,3272382
2024-04-04,PETR3,74.77,-1.29,2773829
2024-04-04,VALE3,52.51,3.8,3952256
2024-04-04,ITUB4,81.66,2.54,3460492
2024-04-04,BBDC4,36.58,-3.63,3210691
2024-04-04,BBAS3,76.47,-1.84,1394315
2024-04-04,ABEV3,14.7,1.82,4610784
2024-04-04,MGLU3,90.12,-2.13,2670466
2024-04-04,WEGE3,70.02,3.23,3387093
2024-04-04,B3SA3,56.43,-2.32,2438377
2024-04-04,RENT3,11.32,-1.21,1709473
2024-04-05,PETR3,11.74,-3.76,837954
2024-04-05,VALE3,54.36,-0.96,4610579
2024-04-05,ITUB4,10.89,-0.36,2713987
2024-04-05,BBDC4,13.75,-1.02,2635232
2024-04-05,BBAS3,38.07,2.74,4632688
2024-04-05,ABEV3,56.92,4.76,2463162
2024-04-05,MGLU3,61.78,-4.24,2311549
2024-04-05,WEGE3,43.1,-3.18,392575
2024-04-05,B3SA3,36.4,2.73,1742425
2024-04-05,RENT3,30.09,1.42,1547947
2024-04-06,PETR3,10.12,-2.0,1598339
2024-04-06,VALE3,86.24,-4.76,628714
2024-04-06,ITUB4,84.68,1.06,652439
2024-04-06,BBDC4,51.22,-1.02,878883
2024-04-06,BBAS3,90.95,2.1,2289921
2024-04-06,ABEV3,64.3,-0.27,4922139
2024-04-06,MGLU3,52.64,-4.42,3357945
2024-04-06,WEGE3,99.12,-2.61,4796671
2024-04-06,B3SA3,68.59,1.45,3306943
2024-04-06,RENT3,16.8,-1.34,3415258
2024-04-07,PETR3,75.31,1.2,408617
2024-04-07,VALE3,38.36,-2.24,2577748
2024-04-07,ITUB4,57.45,4.06,1397819
2024-04-07,BBDC4,67.85,3.1,656718
2024-04-07,BBAS3,92.57,-2.09,452414
2024-04-07,ABEV3,73.69,-4.38,3616144
2024-04-07,MGLU3,93.75,-0.03,1851498
2024-04-07,WEGE3,14.01,-0.84,4976709
2024-04-07,B3SA3,57.67,-2.58,2692316
2024-04-07,RENT3,95.42,4.62,4076765
2024-04-08,PETR3,82.63,-0.4,2764749
2024-04-08,VALE3,48.95,-4.56,3021989
2024-04-08,ITUB4,50.1,-2.91,2337035
2024-04-08,BBDC4,85.93,4.81,847852
2024-04-08,BBAS3,57.45,-1.08,4011147
2024-04-08,ABEV3,96.46,-3.03,1207810
2024-04-08,MGLU3,54.84,-0.93,2999033
2024-04-08,WEGE3,57.03,-2.81,1449590
2024-04-08,B3SA3,16.58,1.22,3145529
2024-04-08,RENT3,11.28,3.29,1569793
2024-04-09,PETR3,72.85,-1.05,3301473
2024-04-09,VALE3,97.03,-1.07,3133449
2024-04-09,ITUB4,52.92,2.18,2611910
2024-04-09,BBDC4,80.32,4.6,712181
2024-04-09,BBAS3,86.97,1.03,239227
2024-04-09,ABEV3,93.36,-2.71,4974196
2024-04-09,MGLU3,29.99,-1.78,1757153
2024-04-09,WEGE3,56.32,3.08,4256004
2024-04-09,B3SA3,32.12,-0.97,579083
2024-04-09,RENT3,69.62,-3.81,4684946
